#ACCOUNT表
INSERT INTO `t_m_account`(`account_id`, `account_name`, `account_type`, `password`, `salt`, `role_id`, `role_name`, `customer_id`, `customer_name`, `create_time`, `last_login_time`, `completed_guide`, `if_reset_passwd`) VALUES (315649757408938496, 'superadmin', 1, '12ddba8e3aebabfa5022bc821304a98e', 'G8WRJui4ew', 315638774430636839, '超级管理员', 315650750404785844, '管理员', '2019-08-08 11:27:25', '2019-09-17 10:22:44', NULL, 1);
INSERT INTO `t_m_account`(`account_id`, `account_name`, `account_type`, `password`, `salt`, `role_id`, `role_name`, `customer_id`, `customer_name`, `create_time`, `last_login_time`, `completed_guide`, `if_reset_passwd`) VALUES (315649757408938596, 'admin', 1, '12ddba8e3aebabfa5022bc821304a98e', 'G8WRJui4ew', 315638774430636847, '管理员', 315650750404785844, '管理员', '2019-08-28 10:57:52', '2019-09-17 10:15:57', 'review', 1);
#CUSTOMER表
INSERT INTO `t_m_customer`(`customer_id`, `customer_name`, `customer_source`, `account`, `app_id`, `api_key`, `secret_key`, `email`, `telephone`, `customer_describe`, `status`, `creator`, `create_time`, `updator`, `update_time`) VALUES (315650750404785844, '管理员', 2, 'superadmin', 831068342, 'x5NM5XgjGawW30lqsssl', 'ohngA19kb6yi7PqTeAvrv5Tvy4OMpfdw9P8TcPgGoDBL7hov0zU4ziR6ZWDp/fon', '', '', NULL, 1, NULL, '2019-08-06 15:03:41', NULL, '2019-08-21 15:31:33');
#ROLE表
INSERT INTO `t_m_role`(`role_id`, `role_name`, `category`, `creator`, `create_time`, `updator`, `update_time`) VALUES (315638774430636839, '超级管理员', 5, NULL, '2019-07-23 18:23:56', NULL, '2019-08-08 14:38:24');
INSERT INTO `t_m_role`(`role_id`, `role_name`, `category`, `creator`, `create_time`, `updator`, `update_time`) VALUES (315638774430636847, '管理员', 4, NULL, '2019-07-23 18:23:56', NULL, '2019-08-08 11:21:41');
#MENU表
INSERT INTO `t_m_menu`(`menu_id`, `menu_name`, `menu_type`, `parent_id`, `menu_order`, `if_show`, `url`, `method`, `operation`, `creator`, `create_time`) VALUES (1, '系统管理', 1, -1, 3, 1, '#/custom', NULL, 0, NULL, '2019-08-28 18:24:00');
INSERT INTO `t_m_menu`(`menu_id`, `menu_name`, `menu_type`, `parent_id`, `menu_order`, `if_show`, `url`, `method`, `operation`, `creator`, `create_time`) VALUES (2, '自定义审核', 1, -1, 4, 1, '#/audit', NULL, 0, NULL, '2019-08-28 18:24:02');
INSERT INTO `t_m_menu`(`menu_id`, `menu_name`, `menu_type`, `parent_id`, `menu_order`, `if_show`, `url`, `method`, `operation`, `creator`, `create_time`) VALUES (3, '客户管理', 1, 1, 3, 1, '#/custom', NULL, 1, NULL, '2019-08-28 17:42:37');
INSERT INTO `t_m_menu`(`menu_id`, `menu_name`, `menu_type`, `parent_id`, `menu_order`, `if_show`, `url`, `method`, `operation`, `creator`, `create_time`) VALUES (4, '账号管理', 1, 1, 4, 1, '#/account', NULL, 1, NULL, '2019-08-28 17:42:40');
INSERT INTO `t_m_menu`(`menu_id`, `menu_name`, `menu_type`, `parent_id`, `menu_order`, `if_show`, `url`, `method`, `operation`, `creator`, `create_time`) VALUES (5, '角色管理', 1, 1, 5, 1, '#/role', NULL, 1, NULL, '2019-08-28 17:42:45');
INSERT INTO `t_m_menu`(`menu_id`, `menu_name`, `menu_type`, `parent_id`, `menu_order`, `if_show`, `url`, `method`, `operation`, `creator`, `create_time`) VALUES (6, '菜单管理', 1, 1, 6, 1, '#/menu', NULL, 1, NULL, '2019-08-28 17:42:47');
INSERT INTO `t_m_menu`(`menu_id`, `menu_name`, `menu_type`, `parent_id`, `menu_order`, `if_show`, `url`, `method`, `operation`, `creator`, `create_time`) VALUES (7, '审核标准', 1, 2, 1, 1, '#/verify', NULL, 1, NULL, '2019-07-30 17:21:16');
INSERT INTO `t_m_menu`(`menu_id`, `menu_name`, `menu_type`, `parent_id`, `menu_order`, `if_show`, `url`, `method`, `operation`, `creator`, `create_time`) VALUES (8, '自定义图库', 1, 2, 2, 1, '#/picture', NULL, 1, NULL, '2019-08-08 09:59:33');
INSERT INTO `t_m_menu`(`menu_id`, `menu_name`, `menu_type`, `parent_id`, `menu_order`, `if_show`, `url`, `method`, `operation`, `creator`, `create_time`) VALUES (53, '删除客户', 1, 3, 1, 1, '/aiverify/v1/tMCustomer/{id}', 'delete', 2, NULL, '2019-07-31 17:05:15');
INSERT INTO `t_m_menu`(`menu_id`, `menu_name`, `menu_type`, `parent_id`, `menu_order`, `if_show`, `url`, `method`, `operation`, `creator`, `create_time`) VALUES (54, '删除客户名下所有账号', 1, 4, 1, 1, '/aiverify/v1/delaccount/', 'delete', 2, NULL, '2019-07-31 17:15:38');
INSERT INTO `t_m_menu`(`menu_id`, `menu_name`, `menu_type`, `parent_id`, `menu_order`, `if_show`, `url`, `method`, `operation`, `creator`, `create_time`) VALUES (55, '登录', 1, 4, 2, 1, '/aiverify/v1/login', 'get', 2, NULL, '2019-07-31 17:16:16');
INSERT INTO `t_m_menu`(`menu_id`, `menu_name`, `menu_type`, `parent_id`, `menu_order`, `if_show`, `url`, `method`, `operation`, `creator`, `create_time`) VALUES (56, '退出', 1, 4, 3, 1, '/aiverify/v1/logout', 'get', 2, NULL, '2019-07-31 17:16:36');
INSERT INTO `t_m_menu`(`menu_id`, `menu_name`, `menu_type`, `parent_id`, `menu_order`, `if_show`, `url`, `method`, `operation`, `creator`, `create_time`) VALUES (57, '重置密码', 1, 4, 4, 1, '/aiverify/v1/tMAccount/{id}/reset', 'get', 2, NULL, '2019-07-31 17:17:04');
INSERT INTO `t_m_menu`(`menu_id`, `menu_name`, `menu_type`, `parent_id`, `menu_order`, `if_show`, `url`, `method`, `operation`, `creator`, `create_time`) VALUES (58, '删除账号', 1, 4, 5, 1, '/aiverify/v1/tMAccount/delaccount/{id}', 'delete', 2, NULL, '2019-07-31 17:17:29');
INSERT INTO `t_m_menu`(`menu_id`, `menu_name`, `menu_type`, `parent_id`, `menu_order`, `if_show`, `url`, `method`, `operation`, `creator`, `create_time`) VALUES (59, '编辑角色', 1, 4, 6, 1, '/aiverify/v1/tMAccount/editAccount', 'put', 2, NULL, '2019-07-31 17:17:47');
INSERT INTO `t_m_menu`(`menu_id`, `menu_name`, `menu_type`, `parent_id`, `menu_order`, `if_show`, `url`, `method`, `operation`, `creator`, `create_time`) VALUES (60, '获取当前账号', 1, 4, 7, 1, '/aiverify/v1/tMAccount/getCurAccount', 'get', 2, NULL, '2019-07-31 17:18:09');
INSERT INTO `t_m_menu`(`menu_id`, `menu_name`, `menu_type`, `parent_id`, `menu_order`, `if_show`, `url`, `method`, `operation`, `creator`, `create_time`) VALUES (61, '获取账号的个人信息', 1, 4, 8, 1, '/aiverify/v1/tMAccount/getCustomer', 'get', 2, NULL, '2019-07-31 17:18:38');
INSERT INTO `t_m_menu`(`menu_id`, `menu_name`, `menu_type`, `parent_id`, `menu_order`, `if_show`, `url`, `method`, `operation`, `creator`, `create_time`) VALUES (62, '修改密码', 1, 4, 9, 1, '/aiverify/v1/tMAccount/modify', 'get', 2, NULL, '2019-07-31 17:18:53');
INSERT INTO `t_m_menu`(`menu_id`, `menu_name`, `menu_type`, `parent_id`, `menu_order`, `if_show`, `url`, `method`, `operation`, `creator`, `create_time`) VALUES (63, '新增账号', 1, 4, 10, 1, '/aiverify/v1/tMAccount/newAccount', 'post', 2, NULL, '2019-07-31 17:19:22');
INSERT INTO `t_m_menu`(`menu_id`, `menu_name`, `menu_type`, `parent_id`, `menu_order`, `if_show`, `url`, `method`, `operation`, `creator`, `create_time`) VALUES (64, '分页展示客户信息', 1, 4, 11, 1, '/aiverify/v1/tMAccount/queryaccount', 'get', 2, NULL, '2019-07-31 17:19:42');
INSERT INTO `t_m_menu`(`menu_id`, `menu_name`, `menu_type`, `parent_id`, `menu_order`, `if_show`, `url`, `method`, `operation`, `creator`, `create_time`) VALUES (65, '分页展示角色信息', 1, 5, 1, 1, '/aiverify/v1/tMRole', 'get', 2, NULL, '2019-07-31 17:20:17');
INSERT INTO `t_m_menu`(`menu_id`, `menu_name`, `menu_type`, `parent_id`, `menu_order`, `if_show`, `url`, `method`, `operation`, `creator`, `create_time`) VALUES (66, '新增角色', 1, 5, 2, 1, '/aiverify/v1/tMRole', 'post', 2, NULL, '2019-07-31 17:20:37');
INSERT INTO `t_m_menu`(`menu_id`, `menu_name`, `menu_type`, `parent_id`, `menu_order`, `if_show`, `url`, `method`, `operation`, `creator`, `create_time`) VALUES (67, '编辑角色', 1, 5, 3, 1, '/aiverify/v1/tMRole', 'put', 2, NULL, '2019-07-31 17:20:52');
INSERT INTO `t_m_menu`(`menu_id`, `menu_name`, `menu_type`, `parent_id`, `menu_order`, `if_show`, `url`, `method`, `operation`, `creator`, `create_time`) VALUES (68, '删除角色', 1, 5, 4, 1, '/aiverify/v1/tMRole/{id}', 'delete', 2, NULL, '2019-07-31 17:21:13');
INSERT INTO `t_m_menu`(`menu_id`, `menu_name`, `menu_type`, `parent_id`, `menu_order`, `if_show`, `url`, `method`, `operation`, `creator`, `create_time`) VALUES (69, '新增菜单', 1, 6, 1, 1, '/aiverify/v1/tMMenu', 'post', 2, NULL, '2019-07-31 17:21:52');
INSERT INTO `t_m_menu`(`menu_id`, `menu_name`, `menu_type`, `parent_id`, `menu_order`, `if_show`, `url`, `method`, `operation`, `creator`, `create_time`) VALUES (70, '删除菜单', 1, 6, 2, 1, '/aiverify/v1/tMMenu/{id}', 'delete', 2, NULL, '2019-07-31 17:22:13');
INSERT INTO `t_m_menu`(`menu_id`, `menu_name`, `menu_type`, `parent_id`, `menu_order`, `if_show`, `url`, `method`, `operation`, `creator`, `create_time`) VALUES (71, '获取菜单', 1, 6, 3, 1, '/aiverify/v1/tMMenu/getDisplayMenus', 'get', 2, NULL, '2019-07-31 17:22:48');
INSERT INTO `t_m_menu`(`menu_id`, `menu_name`, `menu_type`, `parent_id`, `menu_order`, `if_show`, `url`, `method`, `operation`, `creator`, `create_time`) VALUES (72, '获取角色菜单', 1, 6, 4, 1, '/aiverify/v1/tMMenu/getDisplayMenusByRole', 'get', 2, NULL, '2019-07-31 17:23:05');
INSERT INTO `t_m_menu`(`menu_id`, `menu_name`, `menu_type`, `parent_id`, `menu_order`, `if_show`, `url`, `method`, `operation`, `creator`, `create_time`) VALUES (73, '保存角色对应菜单权限', 1, 5, 5, 1, '/aiverify/v1/tMRoleMenu', 'post', 2, NULL, '2019-08-01 20:30:42');
INSERT INTO `t_m_menu`(`menu_id`, `menu_name`, `menu_type`, `parent_id`, `menu_order`, `if_show`, `url`, `method`, `operation`, `creator`, `create_time`) VALUES (74, '返回角色对应菜单权限', 1, 5, 6, 1, '/aiverify/v1/tMRoleMenu/{roleId}', 'get', 2, NULL, '2019-08-01 20:31:20');
INSERT INTO `t_m_menu`(`menu_id`, `menu_name`, `menu_type`, `parent_id`, `menu_order`, `if_show`, `url`, `method`, `operation`, `creator`, `create_time`) VALUES (77, '自助审核', 1, -1, 5, 1, '#/self-verify', NULL, 0, NULL, '2019-08-28 18:24:10');
INSERT INTO `t_m_menu`(`menu_id`, `menu_name`, `menu_type`, `parent_id`, `menu_order`, `if_show`, `url`, `method`, `operation`, `creator`, `create_time`) VALUES (78, '人工审核', 1, 77, 1, 1, '#/manual', NULL, 1, NULL, '2019-08-05 09:53:51');
INSERT INTO `t_m_menu`(`menu_id`, `menu_name`, `menu_type`, `parent_id`, `menu_order`, `if_show`, `url`, `method`, `operation`, `creator`, `create_time`) VALUES (79, '回调设置', 1, 77, 2, 1, '#/setting', NULL, 1, NULL, '2019-08-05 09:55:25');
INSERT INTO `t_m_menu`(`menu_id`, `menu_name`, `menu_type`, `parent_id`, `menu_order`, `if_show`, `url`, `method`, `operation`, `creator`, `create_time`) VALUES (83, '获取审核标准', 1, 7, 1, 1, '/aiverify/v1/tMAudit', 'get', 2, NULL, '2019-08-05 18:10:50');
INSERT INTO `t_m_menu`(`menu_id`, `menu_name`, `menu_type`, `parent_id`, `menu_order`, `if_show`, `url`, `method`, `operation`, `creator`, `create_time`) VALUES (84, '保存审核标准', 1, 7, 2, 1, '/aiverify/v1/tMAudit', 'post', 2, NULL, '2019-08-05 18:12:18');
INSERT INTO `t_m_menu`(`menu_id`, `menu_name`, `menu_type`, `parent_id`, `menu_order`, `if_show`, `url`, `method`, `operation`, `creator`, `create_time`) VALUES (87, '列出所有图片', 1, 8, 1, 1, '/aiverify/v1/gallery', 'get', 2, NULL, '2019-08-08 10:11:26');
INSERT INTO `t_m_menu`(`menu_id`, `menu_name`, `menu_type`, `parent_id`, `menu_order`, `if_show`, `url`, `method`, `operation`, `creator`, `create_time`) VALUES (88, '上传自定义图片', 1, 8, 2, 1, '/aiverify/v1/gallery', 'post', 2, NULL, '2019-08-08 10:11:58');
INSERT INTO `t_m_menu`(`menu_id`, `menu_name`, `menu_type`, `parent_id`, `menu_order`, `if_show`, `url`, `method`, `operation`, `creator`, `create_time`) VALUES (90, '删除指定图片', 1, 8, 3, 1, '/aiverify/v1/gallery', 'delete', 2, NULL, '2019-08-08 10:16:54');
INSERT INTO `t_m_menu`(`menu_id`, `menu_name`, `menu_type`, `parent_id`, `menu_order`, `if_show`, `url`, `method`, `operation`, `creator`, `create_time`) VALUES (95, '高级审核', 1, 77, 3, 1, '#/advance', NULL, 1, NULL, '2019-09-17 09:53:03');
INSERT INTO `t_m_menu`(`menu_id`, `menu_name`, `menu_type`, `parent_id`, `menu_order`, `if_show`, `url`, `method`, `operation`, `creator`, `create_time`) VALUES (99, '获取待审核图片列表', 1, 78, 1, 1, '/aiverify/v1/unreview', 'get', 2, NULL, '2019-08-16 15:31:29');
INSERT INTO `t_m_menu`(`menu_id`, `menu_name`, `menu_type`, `parent_id`, `menu_order`, `if_show`, `url`, `method`, `operation`, `creator`, `create_time`) VALUES (100, '批量审核', 1, 78, 2, 1, '/aiverify/v1/review', 'put', 2, NULL, '2019-08-16 15:31:53');
INSERT INTO `t_m_menu`(`menu_id`, `menu_name`, `menu_type`, `parent_id`, `menu_order`, `if_show`, `url`, `method`, `operation`, `creator`, `create_time`) VALUES (101, '记录已完成的用户指引', 1, 4, 12, 1, '/aiverify/v1/tMAccount/guide', 'put', 2, NULL, '2019-08-16 15:32:51');
INSERT INTO `t_m_menu`(`menu_id`, `menu_name`, `menu_type`, `parent_id`, `menu_order`, `if_show`, `url`, `method`, `operation`, `creator`, `create_time`) VALUES (102, '保存回调设置', 1, 79, 1, 1, '/aiverify/v1/callback/save', 'post', 2, NULL, '2019-08-19 09:06:44');
INSERT INTO `t_m_menu`(`menu_id`, `menu_name`, `menu_type`, `parent_id`, `menu_order`, `if_show`, `url`, `method`, `operation`, `creator`, `create_time`) VALUES (103, '查询回调设置', 1, 79, 2, 1, '/aiverify/v1/callback', 'get', 2, NULL, '2019-08-19 09:07:30');
INSERT INTO `t_m_menu`(`menu_id`, `menu_name`, `menu_type`, `parent_id`, `menu_order`, `if_show`, `url`, `method`, `operation`, `creator`, `create_time`) VALUES (104, '重置salt', 1, 79, 3, 1, '/aiverify/v1/callback/reset', 'post', 2, NULL, '2019-08-19 09:21:07');
INSERT INTO `t_m_menu`(`menu_id`, `menu_name`, `menu_type`, `parent_id`, `menu_order`, `if_show`, `url`, `method`, `operation`, `creator`, `create_time`) VALUES (105, '批量审核', 1, 95, 1, 1, '/aiverify/v1/advreview', 'put', 2, NULL, '2019-08-19 11:36:47');
INSERT INTO `t_m_menu`(`menu_id`, `menu_name`, `menu_type`, `parent_id`, `menu_order`, `if_show`, `url`, `method`, `operation`, `creator`, `create_time`) VALUES (106, '获取待审核图片列表', 1, 95, 2, 1, '/aiverify/v1/unadvreview', 'post', 2, NULL, '2019-08-19 11:37:14');
INSERT INTO `t_m_menu`(`menu_id`, `menu_name`, `menu_type`, `parent_id`, `menu_order`, `if_show`, `url`, `method`, `operation`, `creator`, `create_time`) VALUES (107, '回调设置列表', 1, 77, 4, 1, '#/callback-list', NULL, 1, NULL, '2019-09-17 09:53:14');
INSERT INTO `t_m_menu`(`menu_id`, `menu_name`, `menu_type`, `parent_id`, `menu_order`, `if_show`, `url`, `method`, `operation`, `creator`, `create_time`) VALUES (110, '审核回调记录', 1, 77, 5, 1, '#/callback-log', NULL, 1, NULL, '2019-09-17 09:53:16');
INSERT INTO `t_m_menu`(`menu_id`, `menu_name`, `menu_type`, `parent_id`, `menu_order`, `if_show`, `url`, `method`, `operation`, `creator`, `create_time`) VALUES (113, '审核回调记录', 1, 110, 1, 1, '/aiverify/v1/reviewCallback/record', 'post', 2, NULL, '2019-08-19 17:22:50');
INSERT INTO `t_m_menu`(`menu_id`, `menu_name`, `menu_type`, `parent_id`, `menu_order`, `if_show`, `url`, `method`, `operation`, `creator`, `create_time`) VALUES (116, '详情日志', 1, 110, 2, 1, '/aiverify/v1/reviewCallback/detaillog', 'get', 2, NULL, '2019-08-19 17:38:35');
INSERT INTO `t_m_menu`(`menu_id`, `menu_name`, `menu_type`, `parent_id`, `menu_order`, `if_show`, `url`, `method`, `operation`, `creator`, `create_time`) VALUES (122, '新增客户', 1, 3, 2, 1, '/aiverify/v1/tMCustomer', 'post', 2, NULL, '2019-08-23 10:29:35');
INSERT INTO `t_m_menu`(`menu_id`, `menu_name`, `menu_type`, `parent_id`, `menu_order`, `if_show`, `url`, `method`, `operation`, `creator`, `create_time`) VALUES (123, '获取人工审核首页统计', 1, 78, 3, 1, '/aiverify/v1', 'get', 2, NULL, '2019-08-26 21:03:14');
INSERT INTO `t_m_menu`(`menu_id`, `menu_name`, `menu_type`, `parent_id`, `menu_order`, `if_show`, `url`, `method`, `operation`, `creator`, `create_time`) VALUES (127, '监控管理', 1, -1, 6, 1, '#/monitor-manage', NULL, 0, NULL, '2019-08-28 18:24:17');
INSERT INTO `t_m_menu`(`menu_id`, `menu_name`, `menu_type`, `parent_id`, `menu_order`, `if_show`, `url`, `method`, `operation`, `creator`, `create_time`) VALUES (128, '监控报表', 1, 127, 1, 1, '#/monitor-table', NULL, 1, NULL, '2019-08-27 20:05:54');
INSERT INTO `t_m_menu`(`menu_id`, `menu_name`, `menu_type`, `parent_id`, `menu_order`, `if_show`, `url`, `method`, `operation`, `creator`, `create_time`) VALUES (129, '审核标准列表-管理员', 1, 2, 3, 1, '#/verify-list', NULL, 1, NULL, '2019-08-27 20:11:47');
INSERT INTO `t_m_menu`(`menu_id`, `menu_name`, `menu_type`, `parent_id`, `menu_order`, `if_show`, `url`, `method`, `operation`, `creator`, `create_time`) VALUES (130, '自定义图库列表-管理员', 1, 2, 4, 1, '#/picture-list', NULL, 1, NULL, '2019-08-27 20:12:29');
INSERT INTO `t_m_menu`(`menu_id`, `menu_name`, `menu_type`, `parent_id`, `menu_order`, `if_show`, `url`, `method`, `operation`, `creator`, `create_time`) VALUES (132, '首页统计', 1, 78, 4, 1, '/aiverify/v1/review/stat', 'get', 2, NULL, '2019-08-28 09:58:12');
INSERT INTO `t_m_menu`(`menu_id`, `menu_name`, `menu_type`, `parent_id`, `menu_order`, `if_show`, `url`, `method`, `operation`, `creator`, `create_time`) VALUES (133, '日志管理', 1, -1, 7, 1, '#/log-manage', NULL, 0, NULL, '2019-08-28 18:24:22');
INSERT INTO `t_m_menu`(`menu_id`, `menu_name`, `menu_type`, `parent_id`, `menu_order`, `if_show`, `url`, `method`, `operation`, `creator`, `create_time`) VALUES (134, '首页', 1, -1, 1, 1, '#/customer-index', NULL, 1, NULL, '2019-08-29 10:12:28');
INSERT INTO `t_m_menu`(`menu_id`, `menu_name`, `menu_type`, `parent_id`, `menu_order`, `if_show`, `url`, `method`, `operation`, `creator`, `create_time`) VALUES (135, '系统概览', 1, -1, 2, 1, '#/overview', NULL, 1, NULL, '2019-08-29 10:12:29');
INSERT INTO `t_m_menu`(`menu_id`, `menu_name`, `menu_type`, `parent_id`, `menu_order`, `if_show`, `url`, `method`, `operation`, `creator`, `create_time`) VALUES (137, '客户首页', 1, 134, 1, 0, '/aiverify/v1/tMCustomer/homePage', 'get', 2, NULL, '2019-08-29 10:16:08');
INSERT INTO `t_m_menu`(`menu_id`, `menu_name`, `menu_type`, `parent_id`, `menu_order`, `if_show`, `url`, `method`, `operation`, `creator`, `create_time`) VALUES (151, 'API访问日志', 1, 133, 1, 1, '#/api-access-log', NULL, 1, NULL, '2019-09-10 11:17:33');
INSERT INTO `t_m_menu`(`menu_id`, `menu_name`, `menu_type`, `parent_id`, `menu_order`, `if_show`, `url`, `method`, `operation`, `creator`, `create_time`) VALUES (153, '监控报表', 1, 128, 1, 0, '/aiverify/v1/statistic/{customerId}', 'post', 2, NULL, '2019-09-04 10:10:58');
INSERT INTO `t_m_menu`(`menu_id`, `menu_name`, `menu_type`, `parent_id`, `menu_order`, `if_show`, `url`, `method`, `operation`, `creator`, `create_time`) VALUES (154, '分页展示角色信息', 1, 4, 13, 0, '/aiverify/v1/tMRole', 'get', 2, NULL, '2019-09-04 17:27:35');
INSERT INTO `t_m_menu`(`menu_id`, `menu_name`, `menu_type`, `parent_id`, `menu_order`, `if_show`, `url`, `method`, `operation`, `creator`, `create_time`) VALUES (158, '分页展示客户信息', 1, 3, 3, 0, '/aiverify/v1/tMCustomer', 'get', 2, NULL, '2019-09-05 15:39:34');
INSERT INTO `t_m_menu`(`menu_id`, `menu_name`, `menu_type`, `parent_id`, `menu_order`, `if_show`, `url`, `method`, `operation`, `creator`, `create_time`) VALUES (159, '异常日志', 1, 133, 2, 1, '#/exception-log', NULL, 1, NULL, '2019-09-10 09:24:15');
INSERT INTO `t_m_menu`(`menu_id`, `menu_name`, `menu_type`, `parent_id`, `menu_order`, `if_show`, `url`, `method`, `operation`, `creator`, `create_time`) VALUES (160, '用户访问日志', 1, 133, 3, 1, '#/customer-access-log', NULL, 1, NULL, '2019-09-10 11:20:41');
INSERT INTO `t_m_menu`(`menu_id`, `menu_name`, `menu_type`, `parent_id`, `menu_order`, `if_show`, `url`, `method`, `operation`, `creator`, `create_time`) VALUES (165, '分页展示错误日志信息', 1, 159, 1, 0, '/aiverify/v1/errorLog/dec', 'post', 2, NULL, '2019-09-11 17:48:11');
INSERT INTO `t_m_menu`(`menu_id`, `menu_name`, `menu_type`, `parent_id`, `menu_order`, `if_show`, `url`, `method`, `operation`, `creator`, `create_time`) VALUES (166, '日志详情', 1, 159, 2, 0, '/aiverify/v1/errorLog/detail', 'get', 2, NULL, '2019-09-11 17:48:31');
INSERT INTO `t_m_menu`(`menu_id`, `menu_name`, `menu_type`, `parent_id`, `menu_order`, `if_show`, `url`, `method`, `operation`, `creator`, `create_time`) VALUES (168, '查询API调用日志', 1, 151, 1, 0, '/aiverify/v1/apiRequest', 'get', 2, NULL, '2019-09-11 17:50:43');
INSERT INTO `t_m_menu`(`menu_id`, `menu_name`, `menu_type`, `parent_id`, `menu_order`, `if_show`, `url`, `method`, `operation`, `creator`, `create_time`) VALUES (169, 'API调用日志详情', 1, 151, 2, 0, '/aiverify/v1/apiRequest/{apiLogId}', 'get', 2, NULL, '2019-09-11 17:51:11');
INSERT INTO `t_m_menu`(`menu_id`, `menu_name`, `menu_type`, `parent_id`, `menu_order`, `if_show`, `url`, `method`, `operation`, `creator`, `create_time`) VALUES (170, '分页展示审核标准列表', 1, 129, 1, 0, '/aiverify/v1/tMAudit/list', 'get', 2, NULL, '2019-09-11 19:13:27');
INSERT INTO `t_m_menu`(`menu_id`, `menu_name`, `menu_type`, `parent_id`, `menu_order`, `if_show`, `url`, `method`, `operation`, `creator`, `create_time`) VALUES (171, 'redis检查', 1, 129, 2, 0, '/aiverify/v1/tMAudit/check', 'post', 2, NULL, '2019-09-11 19:13:47');
INSERT INTO `t_m_menu`(`menu_id`, `menu_name`, `menu_type`, `parent_id`, `menu_order`, `if_show`, `url`, `method`, `operation`, `creator`, `create_time`) VALUES (172, '管理员列出所有图片', 1, 130, 1, 0, '/aiverify/v1/gallery/admin/', 'get', 2, NULL, '2019-09-11 19:14:15');
INSERT INTO `t_m_menu`(`menu_id`, `menu_name`, `menu_type`, `parent_id`, `menu_order`, `if_show`, `url`, `method`, `operation`, `creator`, `create_time`) VALUES (174, '查询回调设置', 1, 107, 1, 0, '/aiverify/v1/callback', 'get', 2, NULL, '2019-09-11 19:15:37');
INSERT INTO `t_m_menu`(`menu_id`, `menu_name`, `menu_type`, `parent_id`, `menu_order`, `if_show`, `url`, `method`, `operation`, `creator`, `create_time`) VALUES (175, '分页展示回调设置列表', 1, 107, 2, 0, '/aiverify/v1/callback/list', 'get', 2, NULL, '2019-09-11 19:15:54');
INSERT INTO `t_m_menu`(`menu_id`, `menu_name`, `menu_type`, `parent_id`, `menu_order`, `if_show`, `url`, `method`, `operation`, `creator`, `create_time`) VALUES (176, '记录用户访问日志', 1, 160, 1, 0, '/aiverify/v1/visitLog', 'post', 2, NULL, '2019-09-11 19:16:37');
INSERT INTO `t_m_menu`(`menu_id`, `menu_name`, `menu_type`, `parent_id`, `menu_order`, `if_show`, `url`, `method`, `operation`, `creator`, `create_time`) VALUES (177, '分页展示用户访问日志', 1, 160, 2, 0, '/aiverify/v1/visitLog/list', 'get', 2, NULL, '2019-09-11 19:16:57');
INSERT INTO `t_m_menu`(`menu_id`, `menu_name`, `menu_type`, `parent_id`, `menu_order`, `if_show`, `url`, `method`, `operation`, `creator`, `create_time`) VALUES (178, '编辑客户', 1, 3, 4, 0, '/aiverify/v1/tMCustomer', 'put', 2, NULL, '2019-09-11 19:19:02');
INSERT INTO `t_m_menu`(`menu_id`, `menu_name`, `menu_type`, `parent_id`, `menu_order`, `if_show`, `url`, `method`, `operation`, `creator`, `create_time`) VALUES (180, '模糊搜索账户', 1, 160, 3, 0, '/aiverify/v1/tMAccount/getAccount', 'get', 2, NULL, '2019-09-12 09:19:55');
INSERT INTO `t_m_menu`(`menu_id`, `menu_name`, `menu_type`, `parent_id`, `menu_order`, `if_show`, `url`, `method`, `operation`, `creator`, `create_time`) VALUES (181, '模糊搜索客户', 1, 3, 5, 0, '/aiverify/v1/tMCustomer/reviewCallback/getCustomer', 'get', 2, NULL, '2019-09-12 14:50:34');
INSERT INTO `t_m_menu`(`menu_id`, `menu_name`, `menu_type`, `parent_id`, `menu_order`, `if_show`, `url`, `method`, `operation`, `creator`, `create_time`) VALUES (182, '模糊搜索客户', 1, 4, 14, 0, '/aiverify/v1/tMCustomer/reviewCallback/getCustomer', 'get', 2, NULL, '2019-09-12 14:51:17');
INSERT INTO `t_m_menu`(`menu_id`, `menu_name`, `menu_type`, `parent_id`, `menu_order`, `if_show`, `url`, `method`, `operation`, `creator`, `create_time`) VALUES (183, '模糊搜索客户', 1, 129, 3, 0, '/aiverify/v1/tMCustomer/reviewCallback/getCustomer', 'get', 2, NULL, '2019-09-12 14:52:13');
INSERT INTO `t_m_menu`(`menu_id`, `menu_name`, `menu_type`, `parent_id`, `menu_order`, `if_show`, `url`, `method`, `operation`, `creator`, `create_time`) VALUES (184, '模糊搜索客户', 1, 130, 2, 0, '/aiverify/v1/tMCustomer/reviewCallback/getCustomer', 'get', 2, NULL, '2019-09-12 14:52:31');
INSERT INTO `t_m_menu`(`menu_id`, `menu_name`, `menu_type`, `parent_id`, `menu_order`, `if_show`, `url`, `method`, `operation`, `creator`, `create_time`) VALUES (185, '模糊搜索客户', 1, 110, 3, 0, '/aiverify/v1/tMCustomer/reviewCallback/getCustomer', 'get', 2, NULL, '2019-09-12 14:53:19');
INSERT INTO `t_m_menu`(`menu_id`, `menu_name`, `menu_type`, `parent_id`, `menu_order`, `if_show`, `url`, `method`, `operation`, `creator`, `create_time`) VALUES (186, '模糊搜索客户', 1, 128, 2, 0, '/aiverify/v1/tMCustomer/reviewCallback/getCustomer', 'get', 2, NULL, '2019-09-12 14:53:36');
INSERT INTO `t_m_menu`(`menu_id`, `menu_name`, `menu_type`, `parent_id`, `menu_order`, `if_show`, `url`, `method`, `operation`, `creator`, `create_time`) VALUES (187, '模糊搜索客户', 1, 151, 3, 0, '/aiverify/v1/tMCustomer/reviewCallback/getCustomer', 'get', 2, NULL, '2019-09-12 14:53:52');
INSERT INTO `t_m_menu`(`menu_id`, `menu_name`, `menu_type`, `parent_id`, `menu_order`, `if_show`, `url`, `method`, `operation`, `creator`, `create_time`) VALUES (188, '模糊搜索客户', 1, 159, 3, 0, '/aiverify/v1/tMCustomer/reviewCallback/getCustomer', 'get', 2, NULL, '2019-09-12 14:54:34');
INSERT INTO `t_m_menu`(`menu_id`, `menu_name`, `menu_type`, `parent_id`, `menu_order`, `if_show`, `url`, `method`, `operation`, `creator`, `create_time`) VALUES (189, '模糊搜索客户', 1, 160, 4, 0, '/aiverify/v1/tMCustomer/reviewCallback/getCustomer', 'get', 2, NULL, '2019-09-12 14:54:54');
INSERT INTO `t_m_menu`(`menu_id`, `menu_name`, `menu_type`, `parent_id`, `menu_order`, `if_show`, `url`, `method`, `operation`, `creator`, `create_time`) VALUES (190, '模糊搜索账户', 1, 159, 4, 0, '/aiverify/v1/tMAccount/getAccount', 'get', 2, NULL, '2019-09-12 16:22:39');
INSERT INTO `t_m_menu`(`menu_id`, `menu_name`, `menu_type`, `parent_id`, `menu_order`, `if_show`, `url`, `method`, `operation`, `creator`, `create_time`) VALUES (191, '管理员首页', 1, 135, 1, 0, '/aiverify/v1/adminIndexPage', 'get', 2, NULL, '2019-09-17 09:51:48');
INSERT INTO `t_m_menu`(`menu_id`, `menu_name`, `menu_type`, `parent_id`, `menu_order`, `if_show`, `url`, `method`, `operation`, `creator`, `create_time`) VALUES (192, '获取当前账号', 1, 78, 5, 0, '/aiverify/v1/tMAccount/getCurAccount', 'get', 2, NULL, '2019-09-17 09:58:28');
INSERT INTO `t_m_menu`(`menu_id`, `menu_name`, `menu_type`, `parent_id`, `menu_order`, `if_show`, `url`, `method`, `operation`, `creator`, `create_time`) VALUES (193, 'redis检查', 1, 130, 3, 0, '/aiverify/v1/gallery/check/', 'get', 2, NULL, '2019-09-18 14:19:23');
INSERT INTO `t_m_menu`(`menu_id`, `menu_name`, `menu_type`, `parent_id`, `menu_order`, `if_show`, `url`, `method`, `operation`, `creator`, `create_time`) VALUES (194, '记录已完成的用户指引', 1, 78, 6, 0, '/aiverify/v1/tMAccount/guide', 'put', 2, NULL, '2019-09-18 15:57:47');
INSERT INTO `t_m_menu`(`menu_id`, `menu_name`, `menu_type`, `parent_id`, `menu_order`, `if_show`, `url`, `method`, `operation`, `creator`, `create_time`) VALUES (196, '模糊搜索账户', 1, 4, 15, 0, '/aiverify/v1/tMAccount/getAccount', 'get', 2, NULL, '2019-09-25 11:11:43');
#ROLE_MENU表
INSERT INTO `t_m_role_menu`(`role_menu_id`, `menu_id`, `role_id`, `creator`, `create_time`) VALUES (315686864947771860, 77, 315635319650654555, 'superadmin', '2019-09-17 10:13:55');
INSERT INTO `t_m_role_menu`(`role_menu_id`, `menu_id`, `role_id`, `creator`, `create_time`) VALUES (315686864947772092, 8, 315635319650654555, 'superadmin', '2019-09-17 10:13:55');
INSERT INTO `t_m_role_menu`(`role_menu_id`, `menu_id`, `role_id`, `creator`, `create_time`) VALUES (315686864947772658, 7, 315635319650654555, 'superadmin', '2019-09-17 10:13:55');
INSERT INTO `t_m_role_menu`(`role_menu_id`, `menu_id`, `role_id`, `creator`, `create_time`) VALUES (315686864947773189, 2, 315635319650654555, 'superadmin', '2019-09-17 10:13:55');
INSERT INTO `t_m_role_menu`(`role_menu_id`, `menu_id`, `role_id`, `creator`, `create_time`) VALUES (315686864947773615, 127, 315635319650654555, 'superadmin', '2019-09-17 10:13:55');
INSERT INTO `t_m_role_menu`(`role_menu_id`, `menu_id`, `role_id`, `creator`, `create_time`) VALUES (315686864947775390, 79, 315635319650654555, 'superadmin', '2019-09-17 10:13:55');
INSERT INTO `t_m_role_menu`(`role_menu_id`, `menu_id`, `role_id`, `creator`, `create_time`) VALUES (315686864947776910, 128, 315635319650654555, 'superadmin', '2019-09-17 10:13:55');
INSERT INTO `t_m_role_menu`(`role_menu_id`, `menu_id`, `role_id`, `creator`, `create_time`) VALUES (315686864947777666, 110, 315635319650654555, 'superadmin', '2019-09-17 10:13:55');
INSERT INTO `t_m_role_menu`(`role_menu_id`, `menu_id`, `role_id`, `creator`, `create_time`) VALUES (315686864947779673, 134, 315635319650654555, 'superadmin', '2019-09-17 10:13:55');
INSERT INTO `t_m_role_menu`(`role_menu_id`, `menu_id`, `role_id`, `creator`, `create_time`) VALUES (315686864947779816, 95, 315635319650654555, 'superadmin', '2019-09-17 10:13:55');
INSERT INTO `t_m_role_menu`(`role_menu_id`, `menu_id`, `role_id`, `creator`, `create_time`) VALUES (315686865112060695, 77, 315638776269094196, 'superadmin', '2019-09-17 10:14:11');
INSERT INTO `t_m_role_menu`(`role_menu_id`, `menu_id`, `role_id`, `creator`, `create_time`) VALUES (315686865112061379, 134, 315638776269094196, 'superadmin', '2019-09-17 10:14:11');
INSERT INTO `t_m_role_menu`(`role_menu_id`, `menu_id`, `role_id`, `creator`, `create_time`) VALUES (315686865112062270, 2, 315638776269094196, 'superadmin', '2019-09-17 10:14:11');
INSERT INTO `t_m_role_menu`(`role_menu_id`, `menu_id`, `role_id`, `creator`, `create_time`) VALUES (315686865112062427, 110, 315638776269094196, 'superadmin', '2019-09-17 10:14:11');
INSERT INTO `t_m_role_menu`(`role_menu_id`, `menu_id`, `role_id`, `creator`, `create_time`) VALUES (315686865112063805, 95, 315638776269094196, 'superadmin', '2019-09-17 10:14:11');
INSERT INTO `t_m_role_menu`(`role_menu_id`, `menu_id`, `role_id`, `creator`, `create_time`) VALUES (315686865112063839, 8, 315638776269094196, 'superadmin', '2019-09-17 10:14:11');
INSERT INTO `t_m_role_menu`(`role_menu_id`, `menu_id`, `role_id`, `creator`, `create_time`) VALUES (315686865112065371, 128, 315638776269094196, 'superadmin', '2019-09-17 10:14:11');
INSERT INTO `t_m_role_menu`(`role_menu_id`, `menu_id`, `role_id`, `creator`, `create_time`) VALUES (315686865112065537, 79, 315638776269094196, 'superadmin', '2019-09-17 10:14:11');
INSERT INTO `t_m_role_menu`(`role_menu_id`, `menu_id`, `role_id`, `creator`, `create_time`) VALUES (315686865112068280, 7, 315638776269094196, 'superadmin', '2019-09-17 10:14:11');
INSERT INTO `t_m_role_menu`(`role_menu_id`, `menu_id`, `role_id`, `creator`, `create_time`) VALUES (315686865112068936, 127, 315638776269094196, 'superadmin', '2019-09-17 10:14:11');
INSERT INTO `t_m_role_menu`(`role_menu_id`, `menu_id`, `role_id`, `creator`, `create_time`) VALUES (315686865202370220, 3, 315638774430636839, 'superadmin', '2019-09-17 10:14:20');
INSERT INTO `t_m_role_menu`(`role_menu_id`, `menu_id`, `role_id`, `creator`, `create_time`) VALUES (315686865202373973, 135, 315638774430636839, 'superadmin', '2019-09-17 10:14:20');
INSERT INTO `t_m_role_menu`(`role_menu_id`, `menu_id`, `role_id`, `creator`, `create_time`) VALUES (315686865202374000, 1, 315638774430636839, 'superadmin', '2019-09-17 10:14:20');
INSERT INTO `t_m_role_menu`(`role_menu_id`, `menu_id`, `role_id`, `creator`, `create_time`) VALUES (315686865202376084, 6, 315638774430636839, 'superadmin', '2019-09-17 10:14:20');
INSERT INTO `t_m_role_menu`(`role_menu_id`, `menu_id`, `role_id`, `creator`, `create_time`) VALUES (315686865202376890, 4, 315638774430636839, 'superadmin', '2019-09-17 10:14:20');
INSERT INTO `t_m_role_menu`(`role_menu_id`, `menu_id`, `role_id`, `creator`, `create_time`) VALUES (315686865202377225, 5, 315638774430636839, 'superadmin', '2019-09-17 10:14:20');
INSERT INTO `t_m_role_menu`(`role_menu_id`, `menu_id`, `role_id`, `creator`, `create_time`) VALUES (315686865202380158, 130, 315638774430636839, 'superadmin', '2019-09-17 10:14:20');
INSERT INTO `t_m_role_menu`(`role_menu_id`, `menu_id`, `role_id`, `creator`, `create_time`) VALUES (315686865202380299, 79, 315638774430636839, 'superadmin', '2019-09-17 10:14:20');
INSERT INTO `t_m_role_menu`(`role_menu_id`, `menu_id`, `role_id`, `creator`, `create_time`) VALUES (315686865202380357, 2, 315638774430636839, 'superadmin', '2019-09-17 10:14:20');
INSERT INTO `t_m_role_menu`(`role_menu_id`, `menu_id`, `role_id`, `creator`, `create_time`) VALUES (315686865202380674, 127, 315638774430636839, 'superadmin', '2019-09-17 10:14:20');
INSERT INTO `t_m_role_menu`(`role_menu_id`, `menu_id`, `role_id`, `creator`, `create_time`) VALUES (315686865202381359, 7, 315638774430636839, 'superadmin', '2019-09-17 10:14:20');
INSERT INTO `t_m_role_menu`(`role_menu_id`, `menu_id`, `role_id`, `creator`, `create_time`) VALUES (315686865202383177, 107, 315638774430636839, 'superadmin', '2019-09-17 10:14:20');
INSERT INTO `t_m_role_menu`(`role_menu_id`, `menu_id`, `role_id`, `creator`, `create_time`) VALUES (315686865202383516, 151, 315638774430636839, 'superadmin', '2019-09-17 10:14:20');
INSERT INTO `t_m_role_menu`(`role_menu_id`, `menu_id`, `role_id`, `creator`, `create_time`) VALUES (315686865202384227, 77, 315638774430636839, 'superadmin', '2019-09-17 10:14:20');
INSERT INTO `t_m_role_menu`(`role_menu_id`, `menu_id`, `role_id`, `creator`, `create_time`) VALUES (315686865202384891, 78, 315638774430636839, 'superadmin', '2019-09-17 10:14:20');
INSERT INTO `t_m_role_menu`(`role_menu_id`, `menu_id`, `role_id`, `creator`, `create_time`) VALUES (315686865202386310, 8, 315638774430636839, 'superadmin', '2019-09-17 10:14:20');
INSERT INTO `t_m_role_menu`(`role_menu_id`, `menu_id`, `role_id`, `creator`, `create_time`) VALUES (315686865202386515, 129, 315638774430636839, 'superadmin', '2019-09-17 10:14:20');
INSERT INTO `t_m_role_menu`(`role_menu_id`, `menu_id`, `role_id`, `creator`, `create_time`) VALUES (315686865202386748, 159, 315638774430636839, 'superadmin', '2019-09-17 10:14:20');
INSERT INTO `t_m_role_menu`(`role_menu_id`, `menu_id`, `role_id`, `creator`, `create_time`) VALUES (315686865202387166, 128, 315638774430636839, 'superadmin', '2019-09-17 10:14:20');
INSERT INTO `t_m_role_menu`(`role_menu_id`, `menu_id`, `role_id`, `creator`, `create_time`) VALUES (315686865202387694, 110, 315638774430636839, 'superadmin', '2019-09-17 10:14:20');
INSERT INTO `t_m_role_menu`(`role_menu_id`, `menu_id`, `role_id`, `creator`, `create_time`) VALUES (315686865202388752, 160, 315638774430636839, 'superadmin', '2019-09-17 10:14:20');
INSERT INTO `t_m_role_menu`(`role_menu_id`, `menu_id`, `role_id`, `creator`, `create_time`) VALUES (315686865202388952, 133, 315638774430636839, 'superadmin', '2019-09-17 10:14:20');
INSERT INTO `t_m_role_menu`(`role_menu_id`, `menu_id`, `role_id`, `creator`, `create_time`) VALUES (315686865202389753, 95, 315638774430636839, 'superadmin', '2019-09-17 10:14:20');
INSERT INTO `t_m_role_menu`(`role_menu_id`, `menu_id`, `role_id`, `creator`, `create_time`) VALUES (315686865494111145, 3, 315638774430636847, 'superadmin', '2019-09-17 10:14:50');
INSERT INTO `t_m_role_menu`(`role_menu_id`, `menu_id`, `role_id`, `creator`, `create_time`) VALUES (315686865494112725, 1, 315638774430636847, 'superadmin', '2019-09-17 10:14:50');
INSERT INTO `t_m_role_menu`(`role_menu_id`, `menu_id`, `role_id`, `creator`, `create_time`) VALUES (315686865494115078, 135, 315638774430636847, 'superadmin', '2019-09-17 10:14:50');
INSERT INTO `t_m_role_menu`(`role_menu_id`, `menu_id`, `role_id`, `creator`, `create_time`) VALUES (315686865494115304, 2, 315638774430636847, 'superadmin', '2019-09-17 10:14:50');
INSERT INTO `t_m_role_menu`(`role_menu_id`, `menu_id`, `role_id`, `creator`, `create_time`) VALUES (315686865494116289, 7, 315638774430636847, 'superadmin', '2019-09-17 10:14:50');
INSERT INTO `t_m_role_menu`(`role_menu_id`, `menu_id`, `role_id`, `creator`, `create_time`) VALUES (315686865494116482, 4, 315638774430636847, 'superadmin', '2019-09-17 10:14:50');
INSERT INTO `t_m_role_menu`(`role_menu_id`, `menu_id`, `role_id`, `creator`, `create_time`) VALUES (315686865494117387, 8, 315638774430636847, 'superadmin', '2019-09-17 10:14:50');
INSERT INTO `t_m_role_menu`(`role_menu_id`, `menu_id`, `role_id`, `creator`, `create_time`) VALUES (315686865494120028, 95, 315638774430636847, 'superadmin', '2019-09-17 10:14:50');
INSERT INTO `t_m_role_menu`(`role_menu_id`, `menu_id`, `role_id`, `creator`, `create_time`) VALUES (315686865494120332, 160, 315638774430636847, 'superadmin', '2019-09-17 10:14:50');
INSERT INTO `t_m_role_menu`(`role_menu_id`, `menu_id`, `role_id`, `creator`, `create_time`) VALUES (315686865494120889, 78, 315638774430636847, 'superadmin', '2019-09-17 10:14:50');
INSERT INTO `t_m_role_menu`(`role_menu_id`, `menu_id`, `role_id`, `creator`, `create_time`) VALUES (315686865494121964, 110, 315638774430636847, 'superadmin', '2019-09-17 10:14:50');
INSERT INTO `t_m_role_menu`(`role_menu_id`, `menu_id`, `role_id`, `creator`, `create_time`) VALUES (315686865494122959, 107, 315638774430636847, 'superadmin', '2019-09-17 10:14:50');
INSERT INTO `t_m_role_menu`(`role_menu_id`, `menu_id`, `role_id`, `creator`, `create_time`) VALUES (315686865494123370, 133, 315638774430636847, 'superadmin', '2019-09-17 10:14:50');
INSERT INTO `t_m_role_menu`(`role_menu_id`, `menu_id`, `role_id`, `creator`, `create_time`) VALUES (315686865494123643, 77, 315638774430636847, 'superadmin', '2019-09-17 10:14:50');
INSERT INTO `t_m_role_menu`(`role_menu_id`, `menu_id`, `role_id`, `creator`, `create_time`) VALUES (315686865494125475, 129, 315638774430636847, 'superadmin', '2019-09-17 10:14:50');
INSERT INTO `t_m_role_menu`(`role_menu_id`, `menu_id`, `role_id`, `creator`, `create_time`) VALUES (315686865494126441, 130, 315638774430636847, 'superadmin', '2019-09-17 10:14:50');
INSERT INTO `t_m_role_menu`(`role_menu_id`, `menu_id`, `role_id`, `creator`, `create_time`) VALUES (315686865494126889, 79, 315638774430636847, 'superadmin', '2019-09-17 10:14:50');
INSERT INTO `t_m_role_menu`(`role_menu_id`, `menu_id`, `role_id`, `creator`, `create_time`) VALUES (315686865494127247, 127, 315638774430636847, 'superadmin', '2019-09-17 10:14:50');
INSERT INTO `t_m_role_menu`(`role_menu_id`, `menu_id`, `role_id`, `creator`, `create_time`) VALUES (315686865494127743, 159, 315638774430636847, 'superadmin', '2019-09-17 10:14:50');
INSERT INTO `t_m_role_menu`(`role_menu_id`, `menu_id`, `role_id`, `creator`, `create_time`) VALUES (315686865494128516, 128, 315638774430636847, 'superadmin', '2019-09-17 10:14:50');
INSERT INTO `t_m_role_menu`(`role_menu_id`, `menu_id`, `role_id`, `creator`, `create_time`) VALUES (315686865494129418, 151, 315638774430636847, 'superadmin', '2019-09-17 10:14:50');
commit;